frase,situacao
"sinto dor no peito e falta de ar",alto risco
"tive um leve incômodo nas costas",baixo risco
"sinto uma dor forte no peito que vai para o braço esquerdo",alto risco
"tive um leve incômodo nas costas depois de carregar peso",baixo risco
"estou com falta de ar e dor no peito desde a manhã",alto risco
"sinto um pouco de cansaço no fim do dia de trabalho",baixo risco
"desmaiei hoje cedo e ainda sinto o coração disparado",alto risco
"estou com dor de cabeça leve depois de dormir pouco",baixo risco
"meu peito está apertado e estou suando frio",alto risco
"tive uma tontura rápida ao levantar mas passou logo",baixo risco
"a dor no peito começou do nada e não passa com repouso",alto risco
"sinto o coração acelerado depois de tomar muito café",baixo risco
"sinto o coração muito acelerado e quase perdi a consciência",alto risco
"estou com um leve resfriado e o nariz entupido",baixo risco
"estou com dificuldade para respirar mesmo deitado",alto risco
"minhas pernas ficam um pouco inchadas depois de um dia em pé",baixo risco
"tive uma dor intensa no peito que irradia para a mandíbula",alto risco
"senti uma pontada no peito ao respirar fundo que sumiu em segundos",baixo risco
"minhas pernas incharam muito e não consigo respirar ao deitar",alto risco
"fico um pouco ofegante quando subo vários lances de escada correndo",baixo risco
"senti uma pressão forte no peito com náusea e tontura",alto risco
"tenho dor muscular no ombro desde a academia",baixo risco
"a pressão deu 19 por 12 e estou com dor de cabeça muito forte",alto risco
"sinto cansaço leve quando durmo mal",baixo risco
"meu braço esquerdo ficou dormente junto com dor no peito",alto risco
"às vezes sinto palpitação quando fico ansioso antes de uma prova",baixo risco
"estou com palpitações fortes e sensação de desmaio",alto risco
"estou com azia depois de comer feijoada",baixo risco
"acordei de madrugada sem ar e com tosse com espuma",alto risco
"minha pressão deu 12 por 8 e me sinto bem",baixo risco
"sinto aperto no tórax que piora a cada minuto",alto risco
"tive um incômodo no peito quando apertei a região parece muscular",baixo risco
"minha visão ficou embaçada e a pressão está muito alta",alto risco
"sinto as mãos frias quando o dia está gelado",baixo risco
"tenho dor no peito ao menor esforço há algumas horas",alto risco
"estou com dor de garganta e tosse seca há dois dias",baixo risco
"o coração está batendo irregular e sinto fraqueza extrema",alto risco
"fiquei um pouco tonto depois de ficar muito tempo sem comer",baixo risco
"estou com suor frio enjoo e dor nas costas que não passa",alto risco
"sinto um leve formigamento no pé quando fico muito tempo sentado",baixo risco
"perdi a força de um lado do corpo e a fala ficou enrolada",alto risco
"tenho dor nas costas por ficar muitas horas no computador",baixo risco
"sinto falta de ar intensa e os lábios ficaram roxos",alto risco
"meu coração acelera um pouco durante a corrida e volta ao normal",baixo risco
"acordei com uma queimação forte no peito e falta de ar",alto risco
"sinto um cansaço normal depois do treino",baixo risco
"desmaiei duas vezes hoje depois de sentir o coração acelerar",alto risco
"às vezes tenho dor de cabeça no fim da tarde",baixo risco
"sinto o peito pesado e o braço formigando há uma hora",alto risco
"estou com o tornozelo inchado depois de torcer o pé",baixo risco
"meus batimentos estão acima de 150 mesmo em repouso",alto risco
"sinto falta de ar leve quando estou gripado",baixo risco
"tenho inchaço nas pernas e ganhei três quilos em dois dias",alto risco
"tive uma leve dor no peito depois de tossir muito",baixo risco
"mesmo parado sinto o coração falhando e muita tontura",alto risco
"estou com sono e um pouco de desânimo nesta semana",baixo risco
"a falta de ar piorou muito e não consigo terminar uma frase",alto risco
"senti o coração bater forte depois de um susto mas passou",baixo risco
"senti uma dor súbita e rasgando no peito que vai para as costas",alto risco
"sinto o estômago pesado depois do almoço",baixo risco
"sinto dor no peito e tontura toda vez que faço esforço",alto risco
"faço check-up todo ano e não sinto nenhum sintoma",baixo risco
