Sintoma 1,Sintoma 2,Doenca Associada
dor no peito,aperto no torax,Infarto
pressao no peito,dor irradiando pro braço,Infarto
suor frio,dor no peito subita,Infarto
cansaco constante,fadiga,Insuficiencia Cardiaca
inchaco nas pernas,falta de ar ao deitar,Insuficiencia Cardiaca
cansaco ao subir escadas,fadiga ao esforco,Insuficiencia Cardiaca
falta de ar,dificuldade para respirar,Angina
dor no peito ao caminhar,aperto que passa com repouso,Angina
falta de ar leve,desconforto toracico ao esforco,Angina
coracao batendo estranho,batimentos nao sincronizados,Arritmia
palpitacoes,coracao acelerado,Arritmia
sensacao de coracao falhando,batimento irregular,Arritmia
dor de cabeca na nuca,tontura,Hipertensao
zumbido no ouvido,visao embacada,Hipertensao
dor de cabeca forte,sensacao de cabeca cheia,Hipertensao
